Rank,Title,Gross,Year,href,Distributor,Budget,Release,MPAA,Running,Genres
1,Avatar,2847246203,2009,https://www.boxofficemojo.com//title/tt0499549/?ref_=bo_cso_table_1,Twentieth Century Fox,237000000,"December 16, 2009",PG-13,162,Action Adventure Fantasy Sci-Fi
2,Avengers: Endgame,2797501328,2019,https://www.boxofficemojo.com//title/tt4154796/?ref_=bo_cso_table_2,Walt Disney Studios Motion Pictures,356000000,"April 24, 2019",PG-13,181,Action Adventure Drama Sci-Fi
3,Titanic,2201647264,1997,https://www.boxofficemojo.com//title/tt0120338/?ref_=bo_cso_table_3,Paramount Pictures,200000000,"December 19, 1997",PG-13,194,Drama Romance
4,Star Wars: Episode VII - The Force Awakens,2069521700,2015,https://www.boxofficemojo.com//title/tt2488496/?ref_=bo_cso_table_4,Walt Disney Studios Motion Pictures,245000000,"December 16, 2015",PG-13,138,Action Adventure Sci-Fi
5,Avengers: Infinity War,2048359754,2018,https://www.boxofficemojo.com//title/tt4154756/?ref_=bo_cso_table_5,Walt Disney Studios Motion Pictures,316000000,"April 25, 2018",PG-13,149,Action Adventure Sci-Fi
6,Jurassic World,1670516444,2015,https://www.boxofficemojo.com//title/tt0369610/?ref_=bo_cso_table_6,Universal Pictures,150000000,"June 10, 2015",PG-13,124,Action Adventure Sci-Fi
7,The Lion King,1662899439,2019,https://www.boxofficemojo.com//title/tt6105098/?ref_=bo_cso_table_7,Walt Disney Studios Motion Pictures,260000000,"July 11, 2019",PG,118,Adventure Animation Drama Family Musical
8,The Avengers,1518815515,2012,https://www.boxofficemojo.com//title/tt0848228/?ref_=bo_cso_table_8,Walt Disney Studios Motion Pictures,220000000,"April 25, 2012",PG-13,143,Action Adventure Sci-Fi
9,Furious 7,1515341399,2015,https://www.boxofficemojo.com//title/tt2820852/?ref_=bo_cso_table_9,Universal Pictures,190000000,"April 1, 2015",PG-13,137,Action Thriller
10,Frozen II,1450026933,2019,https://www.boxofficemojo.com//title/tt4520988/?ref_=bo_cso_table_10,Walt Disney Studios Motion Pictures,150000000,"November 20, 2019",PG,103,Adventure Animation Comedy Family Fantasy Musical
11,Avengers: Age of Ultron,1402809540,2015,https://www.boxofficemojo.com//title/tt2395427/?ref_=bo_cso_table_11,Walt Disney Studios Motion Pictures,250000000,"April 22, 2015",PG-13,141,Action Adventure Sci-Fi
12,Spider-Man: No Way Home,1372600664,2021,https://www.boxofficemojo.com//title/tt10872600/?ref_=bo_cso_table_12,Sony Pictures Entertainment (SPE),200000000,"December 15, 2021",PG-13,148,Action Adventure Fantasy Sci-Fi
13,Black Panther,1347597973,2018,https://www.boxofficemojo.com//title/tt1825683/?ref_=bo_cso_table_13,Walt Disney Studios Motion Pictures,200000000,"February 13, 2018",PG-13,134,Action Adventure Sci-Fi
14,Harry Potter and the Deathly Hallows: Part 2,1342321665,2011,https://www.boxofficemojo.com//title/tt1201607/?ref_=bo_cso_table_14,Warner Bros.,250000000,"July 13, 2011",PG-13,130,Adventure Fantasy Mystery
15,Star Wars: Episode VIII - The Last Jedi,1332698830,2017,https://www.boxofficemojo.com//title/tt2527336/?ref_=bo_cso_table_15,Walt Disney Studios Motion Pictures,317000000,"December 13, 2017",PG-13,152,Action Adventure Fantasy Sci-Fi
16,Jurassic World: Fallen Kingdom,1310466296,2018,https://www.boxofficemojo.com//title/tt4881806/?ref_=bo_cso_table_16,Universal Pictures,170000000,"June 6, 2018",PG-13,128,Action Adventure Sci-Fi
17,Frozen,1281508100,2013,https://www.boxofficemojo.com//title/tt2294629/?ref_=bo_cso_table_17,Walt Disney Studios Motion Pictures,150000000,"November 22, 2013",PG,102,Adventure Animation Comedy Family Fantasy Musical
18,Beauty and the Beast,1273576220,2017,https://www.boxofficemojo.com//title/tt2771200/?ref_=bo_cso_table_18,Walt Disney Studios Motion Pictures,160000000,"March 16, 2017",PG,129,Adventure Family Fantasy Musical Romance
19,Incredibles 2,1243089244,2018,https://www.boxofficemojo.com//title/tt3606756/?ref_=bo_cso_table_19,Walt Disney Studios Motion Pictures,200000000,"June 14, 2018",PG,118,Action Adventure Animation Comedy Family Sci-Fi
20,The Fate of the Furious,1236005118,2017,https://www.boxofficemojo.com//title/tt4630562/?ref_=bo_cso_table_20,Universal Pictures,250000000,"April 12, 2017",PG-13,136,Action Crime Thriller
21,Iron Man 3,1214811252,2013,https://www.boxofficemojo.com//title/tt1300854/?ref_=bo_cso_table_21,Walt Disney Studios Motion Pictures,200000000,"April 24, 2013",PG-13,130,Action Adventure Sci-Fi
22,Minions,1159444662,2015,https://www.boxofficemojo.com//title/tt2293640/?ref_=bo_cso_table_22,Universal Pictures,74000000,"April 9, 2015",PG,91,Adventure Animation Comedy Crime Family Sci-Fi
23,Captain America: Civil War,1153337496,2016,https://www.boxofficemojo.com//title/tt3498820/?ref_=bo_cso_table_23,Walt Disney Studios Motion Pictures,250000000,"April 27, 2016",PG-13,147,Action Adventure Sci-Fi
24,Aquaman,1148485886,2018,https://www.boxofficemojo.com//title/tt1477834/?ref_=bo_cso_table_24,Warner Bros.,180000000,"December 7, 2018",PG-13,143,Action Adventure Fantasy Sci-Fi
25,The Lord of the Rings: The Return of the King,1146030912,2003,https://www.boxofficemojo.com//title/tt0167260/?ref_=bo_cso_table_25,New Line Cinema,94000000,"December 17, 2003",PG-13,201,Action Adventure Drama Fantasy
26,Spider-Man: Far from Home,1131927996,2019,https://www.boxofficemojo.com//title/tt6320628/?ref_=bo_cso_table_26,Sony Pictures Entertainment (SPE),160000000,"June 28, 2019",PG-13,129,Action Adventure Sci-Fi
27,Captain Marvel,1128462972,2019,https://www.boxofficemojo.com//title/tt4154664/?ref_=bo_cso_table_27,Walt Disney Studios Motion Pictures,160000000,"March 6, 2019",PG-13,123,Action Adventure Sci-Fi
28,Transformers: Dark of the Moon,1123794079,2011,https://www.boxofficemojo.com//title/tt1399103/?ref_=bo_cso_table_28,DreamWorks,195000000,"June 29, 2011",PG-13,154,Action Adventure Sci-Fi
29,Skyfall,1108569499,2012,https://www.boxofficemojo.com//title/tt1074638/?ref_=bo_cso_table_29,Sony Pictures Entertainment (SPE),200000000,"October 25, 2012",PG-13,143,Action Adventure Thriller
30,Transformers: Age of Extinction,1104054072,2014,https://www.boxofficemojo.com//title/tt2109248/?ref_=bo_cso_table_30,Paramount Pictures,210000000,"June 25, 2014",PG-13,165,Action Adventure Sci-Fi
31,The Dark Knight Rises,1081142612,2012,https://www.boxofficemojo.com//title/tt1345836/?ref_=bo_cso_table_31,Warner Bros.,250000000,"July 19, 2012",PG-13,164,Action Crime Drama
32,Joker,1074419384,2019,https://www.boxofficemojo.com//title/tt7286456/?ref_=bo_cso_table_32,Warner Bros.,55000000,"October 2, 2019",R,122,Crime Drama Thriller
33,Star Wars: Episode IX - The Rise of Skywalker,1074149279,2019,https://www.boxofficemojo.com//title/tt2527338/?ref_=bo_cso_table_33,Walt Disney Studios Motion Pictures,275000000,"December 18, 2019",PG-13,141,Action Adventure Fantasy Sci-Fi
34,Toy Story 4,1073394593,2019,https://www.boxofficemojo.com//title/tt1979376/?ref_=bo_cso_table_34,Walt Disney Studios Motion Pictures,200000000,"June 20, 2019",G,100,Adventure Animation Comedy Family Fantasy
35,Toy Story 3,1066970811,2010,https://www.boxofficemojo.com//title/tt0435761/?ref_=bo_cso_table_35,Walt Disney Studios Motion Pictures,200000000,"June 16, 2010",G,103,Adventure Animation Comedy Family Fantasy
36,Pirates of the Caribbean: Dead Man's Chest,1066179747,2006,https://www.boxofficemojo.com//title/tt0383574/?ref_=bo_cso_table_36,Walt Disney Studios Motion Pictures,225000000,"July 6, 2006",PG-13,151,Action Adventure Fantasy
37,The Lion King,1063611805,1994,https://www.boxofficemojo.com//title/tt0110357/?ref_=bo_cso_table_37,Walt Disney Studios Motion Pictures,45000000,"June 15, 1994",G,88,Adventure Animation Drama Family Musical
38,Rogue One: A Star Wars Story,1056057720,2016,https://www.boxofficemojo.com//title/tt3748528/?ref_=bo_cso_table_38,Walt Disney Studios Motion Pictures,200000000,"December 14, 2016",PG-13,133,Action Adventure Sci-Fi
39,Aladdin,1050693953,2019,https://www.boxofficemojo.com//title/tt6139732/?ref_=bo_cso_table_39,Walt Disney Studios Motion Pictures,183000000,"May 22, 2019",PG,128,Adventure Comedy Family Fantasy Musical Romance
40,Pirates of the Caribbean: On Stranger Tides,1045713802,2011,https://www.boxofficemojo.com//title/tt1298650/?ref_=bo_cso_table_40,Walt Disney Studios Motion Pictures,250000000,"May 18, 2011",PG-13,137,Action Adventure Fantasy
41,Despicable Me 3,1034800131,2017,https://www.boxofficemojo.com//title/tt3469046/?ref_=bo_cso_table_41,Universal Pictures,80000000,"June 14, 2017",PG,89,Adventure Animation Comedy Crime Family Sci-Fi
42,Jurassic Park,1033928303,1993,https://www.boxofficemojo.com//title/tt0107290/?ref_=bo_cso_table_42,Universal Pictures,63000000,"June 11, 1993",PG-13,127,Action Adventure Sci-Fi Thriller
43,Finding Dory,1028570942,2016,https://www.boxofficemojo.com//title/tt2277860/?ref_=bo_cso_table_43,Walt Disney Studios Motion Pictures,185000000,"June 15, 2016",PG,97,Adventure Animation Comedy Family
44,Star Wars: Episode I - The Phantom Menace,1027082707,1999,https://www.boxofficemojo.com//title/tt0120915/?ref_=bo_cso_table_44,Twentieth Century Fox,115000000,"May 19, 1999",PG,136,Action Adventure Fantasy Sci-Fi
45,Alice in Wonderland,1025468216,2010,https://www.boxofficemojo.com//title/tt1014759/?ref_=bo_cso_table_45,Walt Disney Studios Motion Pictures,200000000,"March 3, 2010",PG,108,Adventure Family Fantasy Mystery
46,Zootopia,1024121104,2016,https://www.boxofficemojo.com//title/tt2948356/?ref_=bo_cso_table_46,Walt Disney Studios Motion Pictures,150000000,"February 10, 2016",PG,108,Adventure Animation Comedy Crime Family Mystery
47,The Hobbit: An Unexpected Journey,1017003568,2012,https://www.boxofficemojo.com//title/tt0903624/?ref_=bo_cso_table_47,Warner Bros.,250000000,"December 12, 2012",PG-13,169,Adventure Fantasy
48,Harry Potter and the Sorcerer's Stone,1016813075,2001,https://www.boxofficemojo.com//title/tt0241527/?ref_=bo_cso_table_48,Warner Bros.,125000000,"November 16, 2001",PG,152,Adventure Family Fantasy
49,The Dark Knight,1005973645,2008,https://www.boxofficemojo.com//title/tt0468569/?ref_=bo_cso_table_49,Warner Bros.,185000000,"July 16, 2008",PG-13,152,Action Crime Drama Thriller
50,Harry Potter and the Deathly Hallows: Part 1,977043483,2010,https://www.boxofficemojo.com//title/tt0926084/?ref_=bo_cso_table_50,Warner Bros.,250000000,"November 17, 2010",PG-13,146,Adventure Family Fantasy Mystery